id,title,url,source_type,checked_on,scope_note
S001,"OONI, блокировка Explorer",https://ooni.org/post/2024-russia-blocked-ooni-explorer/,measurement_or_methodology,2026-10-03,Check event dates and scope in REPORT.md; checked_on is not publication date
S002,"Censored Planet, TSPU, IMC 2022",https://censoredplanet.org/assets/tspu-imc22.pdf,research_paper,2026-10-03,Check event dates and scope in REPORT.md; checked_on is not publication date
S003,"Cloudflare, отчёт от 26 июня 2025",https://blog.cloudflare.com/russian-internet-users-are-unable-to-access-the-open-internet/,service_operator_observation,2026-10-03,Check event dates and scope in REPORT.md; checked_on is not publication date
S004,"OONI, Telegram, март 2026",https://explorer.ooni.org/findings/2026-russia-blocked-telegram,measurement_or_methodology,2026-10-03,Check event dates and scope in REPORT.md; checked_on is not publication date
S005,"Билайн, запуск 5 сентября 2025",https://khmao.beeline.ru/customers/press/news/details/zapuskaem-belie-spiski/,operator_statement,2026-10-03,Check event dates and scope in REPORT.md; checked_on is not publication date
S006,текущая страница Билайн,https://moskva.beeline.ru/whitelist-unlock/,operator_statement,2026-10-03,Check event dates and scope in REPORT.md; checked_on is not publication date
S007,Первичный разбор Snowflake,https://github.com/net4people/bbs/issues/603,limited_scope_firsthand_incident,2026-10-03,Check event dates and scope in REPORT.md; checked_on is not publication date
S008,"USENIX 2022, OpenVPN fingerprinting",https://www.usenix.org/conference/usenixsecurity22/presentation/xue-diwen,research_paper,2026-10-03,Check event dates and scope in REPORT.md; checked_on is not publication date
S009,"USENIX 2024, encapsulated TLS",https://www.usenix.org/conference/usenixsecurity24/presentation/xue-fingerprinting,research_paper,2026-10-03,Check event dates and scope in REPORT.md; checked_on is not publication date
S010,Методология OONI,https://ooni.org/support/interpreting-ooni-data/,measurement_or_methodology,2026-10-03,Check event dates and scope in REPORT.md; checked_on is not publication date
S011,Транспортные слои Xray,https://xtls.github.io/en/config/transport.html,official_documentation_or_repository,2026-10-03,Check event dates and scope in REPORT.md; checked_on is not publication date
S012,VLESS outbound,https://xtls.github.io/en/config/outbounds/vless.html,official_documentation_or_repository,2026-10-03,Check event dates and scope in REPORT.md; checked_on is not publication date
S013,REALITY,https://xtls.github.io/en/config/transports/reality.html,official_documentation_or_repository,2026-10-03,Check event dates and scope in REPORT.md; checked_on is not publication date
S014,Описание XHTTP автором,https://github.com/XTLS/Xray-core/discussions/4113,official_documentation_or_repository,2026-10-03,Check event dates and scope in REPORT.md; checked_on is not publication date
S015,NaiveProxy,https://github.com/klzgrad/naiveproxy,official_documentation_or_repository,2026-10-03,Check event dates and scope in REPORT.md; checked_on is not publication date
S016,TLS в sing-box,https://sing-box.sagernet.org/configuration/shared/tls/,official_documentation_or_repository,2026-10-03,Check event dates and scope in REPORT.md; checked_on is not publication date
S017,Naive outbound,https://sing-box.sagernet.org/configuration/outbound/naive/,official_documentation_or_repository,2026-10-03,Check event dates and scope in REPORT.md; checked_on is not publication date
S018,UoT,https://sing-box.sagernet.org/configuration/shared/udp-over-tcp/,official_documentation_or_repository,2026-10-03,Check event dates and scope in REPORT.md; checked_on is not publication date
S019,Клиент Hysteria,https://v2.hysteria.network/docs/advanced/Full-Client-Config/,official_documentation_or_repository,2026-10-03,Check event dates and scope in REPORT.md; checked_on is not publication date
S020,сервер Hysteria,https://v2.hysteria.network/docs/advanced/Full-Server-Config/,official_documentation_or_repository,2026-10-03,Check event dates and scope in REPORT.md; checked_on is not publication date
S021,Спецификация TUIC,https://github.com/tuic-protocol/tuic/blob/master/SPEC.md,official_documentation_or_repository,2026-10-03,Check event dates and scope in REPORT.md; checked_on is not publication date
S022,AmneziaWG,https://docs.amnezia.org/documentation/amnezia-wg/,official_documentation_or_repository,2026-10-03,Check event dates and scope in REPORT.md; checked_on is not publication date
S023,официальная реализация amneziawg-go,https://github.com/amnezia-vpn/amneziawg-go,official_documentation_or_repository,2026-10-03,Check event dates and scope in REPORT.md; checked_on is not publication date
S024,Ограничения WireGuard,https://www.wireguard.com/known-limitations/,official_documentation_or_repository,2026-10-03,Check event dates and scope in REPORT.md; checked_on is not publication date
S025,SIP022,https://shadowsocks.org/doc/sip022.html,official_documentation_or_repository,2026-10-03,Check event dates and scope in REPORT.md; checked_on is not publication date
S026,Trojan protocol,https://trojan-gfw.github.io/trojan/protocol,official_documentation_or_repository,2026-10-03,Check event dates and scope in REPORT.md; checked_on is not publication date
S027,OpenVPN manual,https://openvpn.net/community-docs/community-articles/openvpn-2-6-manual.html,official_documentation_or_repository,2026-10-03,Check event dates and scope in REPORT.md; checked_on is not publication date
S028,sing-box TUN,https://sing-box.sagernet.org/configuration/inbound/tun/,official_documentation_or_repository,2026-10-03,Check event dates and scope in REPORT.md; checked_on is not publication date
S029,sing-box правила,https://sing-box.sagernet.org/configuration/route/rule/,official_documentation_or_repository,2026-10-03,Check event dates and scope in REPORT.md; checked_on is not publication date
S030,перечень транспортов sing-box,https://sing-box.sagernet.org/configuration/shared/v2ray-transport/,official_documentation_or_repository,2026-10-03,Check event dates and scope in REPORT.md; checked_on is not publication date
S031,Xray TUN,https://xtls.github.io/en/config/inbounds/tun.html,official_documentation_or_repository,2026-10-03,Check event dates and scope in REPORT.md; checked_on is not publication date
S032,Xray routing,https://xtls.github.io/en/config/routing.html,official_documentation_or_repository,2026-10-03,Check event dates and scope in REPORT.md; checked_on is not publication date
S033,sing-box 1.14.2,https://github.com/SagerNet/sing-box/releases/tag/v1.14.2,official_documentation_or_repository,2026-10-03,Check event dates and scope in REPORT.md; checked_on is not publication date
S034,Xray v26.9.30,https://github.com/XTLS/Xray-core/releases/tag/v26.9.30,official_documentation_or_repository,2026-10-03,Check event dates and scope in REPORT.md; checked_on is not publication date
S035,WinINet и WinHTTP,https://learn.microsoft.com/en-us/windows/win32/winhttp/setting-wininet-proxy-configurations-in-winhttp,official_documentation_or_repository,2026-10-03,Check event dates and scope in REPORT.md; checked_on is not publication date
S036,Chromium proxy behavior,https://chromium.googlesource.com/chromium/src/+/HEAD/net/docs/proxy.md,official_documentation_or_repository,2026-10-03,Check event dates and scope in REPORT.md; checked_on is not publication date
S037,WebRTC policy,https://chromium.googlesource.com/chromium/src/+/376fc41e87a058f7a7b300b0ec3a4982b4ec0960/components/policy/resources/templates/policy_definitions/Miscellaneous/WebRtcIPHandling.yaml,official_documentation_or_repository,2026-10-03,Check event dates and scope in REPORT.md; checked_on is not publication date
S038,Microsoft WFP ALE,https://learn.microsoft.com/en-us/windows/win32/fwp/application-layer-enforcement--ale-,official_documentation_or_repository,2026-10-03,Check event dates and scope in REPORT.md; checked_on is not publication date
S039,WFP object management,https://learn.microsoft.com/en-us/windows/win32/fwp/object-management,official_documentation_or_repository,2026-10-03,Check event dates and scope in REPORT.md; checked_on is not publication date
S040,Модель безопасности Tauri,https://v2.tauri.app/security/,official_documentation_or_repository,2026-10-03,Check event dates and scope in REPORT.md; checked_on is not publication date
S041,Безопасность named pipes,https://learn.microsoft.com/en-us/windows/win32/ipc/named-pipe-security-and-access-rights,official_documentation_or_repository,2026-10-03,Check event dates and scope in REPORT.md; checked_on is not publication date
S042,Microsoft CryptProtectData,https://learn.microsoft.com/en-us/windows/win32/api/dpapi/nf-dpapi-cryptprotectdata,official_documentation_or_repository,2026-10-03,Check event dates and scope in REPORT.md; checked_on is not publication date
S043,Tauri updater,https://v2.tauri.app/plugin/updater/,official_documentation_or_repository,2026-10-03,Check event dates and scope in REPORT.md; checked_on is not publication date
S044,sing-box repository,https://github.com/SagerNet/sing-box,official_documentation_or_repository,2026-10-03,Check event dates and scope in REPORT.md; checked_on is not publication date
S045,Xray repository,https://github.com/XTLS/Xray-core,official_documentation_or_repository,2026-10-03,Check event dates and scope in REPORT.md; checked_on is not publication date
S046,zapret,https://github.com/bol-van/zapret,official_documentation_or_repository,2026-10-03,Check event dates and scope in REPORT.md; checked_on is not publication date
S047,zapret2,https://github.com/bol-van/zapret2,official_documentation_or_repository,2026-10-03,Check event dates and scope in REPORT.md; checked_on is not publication date
